r,D,d,Faxial,Fbending,Number of cycles
92.17976429,28.63496051,11.74969611,27.55601677,86.02551967,60.35052549
44.72743622,34.72914811,42.48075479,12.14089191,13.12188978,44.0458427
51.22707357,20.18606024,15.26849187,71.11022693,89.74158305,74.77103616
75.78733266,32.60423504,30.19557603,52.21100593,32.88365444,74.09248022
9.522797914,23.48848645,72.31009748,1.566956708,92.38342651,42.62608059
76.73206247,44.25376367,44.75615919,41.06312909,13.70901001,63.41815893
88.10131026,93.49214052,5.147774028,88.76171797,90.56187267,122.7403415
83.5499279,5.678655068,6.803364287,79.1830886,57.31277445,73.76353827
96.79464428,81.86170361,70.32555704,72.61186489,97.4224608,126.647046
92.70921194,13.22257923,63.37586965,8.413448884,24.83016504,48.14092386
63.80244522,10.89712576,58.0403646,77.54468656,92.18504356,83.76021423
55.62622455,72.2328734,2.683682379,2.516643812,78.52101833,70.2983807
43.20484986,16.23697013,17.45427056,43.92513009,63.65300855,55.50220782
23.32479465,97.54606007,53.49970218,63.06639631,43.57409903,91.74037135
85.2310343,57.57075284,18.09823956,53.53334442,33.16124434,80.34754854
54.71099798,85.21196888,9.418365897,27.64616286,47.30636395,84.98281229
38.10988636,54.76147583,66.92466409,17.43869073,48.2803573,58.48215074
13.83038499,83.13883162,8.308848421,22.15842966,79.12983849,73.45049976
30.81955781,31.04265339,56.48213096,45.64410373,51.46765176,67.33364421
6.34966162,1.236044612,67.39112745,75.03133742,45.72833622,56.13772034
60.06821729,47.07159877,31.92059824,80.27797674,8.423019912,79.58740034
85.38260352,41.10889465,32.63067597,33.83029456,82.56377081,81.44846447
74.8893179,35.76189521,63.93468999,39.33908517,59.65531863,69.75808172
5.808067703,74.46980056,83.26942385,25.37361079,79.82962616,70.38314426
84.35812469,85.54609309,22.11215307,56.75356204,1.704577191,96.64827436
24.48643965,82.56071893,16.41428093,17.42423164,62.98013925,63.14891905
38.38363649,1.388837225,2.565499836,96.01773077,78.87494153,66.92322943
43.89682658,89.8761361,62.66385087,4.530925991,14.66839225,62.79591121
86.12900258,87.82843168,86.74803331,96.22084638,68.17779903,130.0075568
93.58961855,82.71686958,61.94077245,48.4469447,70.17544199,106.2599568
15.37128883,77.87492122,38.52874324,74.51072838,86.27192317,96.81675915
97.57164969,64.75360381,51.94179176,84.80477407,72.78860453,113.5702429
12.83668052,54.08210318,71.93349757,91.49759265,71.23856039,92.56215838
18.02898712,7.449068686,38.92040562,82.28512937,97.59969601,60.33528884
32.64396271,16.2370713,82.09433907,18.13682531,84.42817455,46.46648474
76.43193175,43.88484846,73.39536183,18.11547285,18.58201735,59.19444275
70.91378175,89.46686493,8.24346511,92.32017503,42.66674208,106.2455881
61.44950816,60.07980351,65.84549485,21.60794656,3.494485422,68.03257154
24.77483787,49.8821049,90.56558055,11.37882665,76.58857904,60.03918556
70.73463166,59.12474942,74.46623288,48.67401061,97.78377378,97.96644624
6.77695408,99.45172462,33.47961378,48.28255004,46.666217,89.60328271
63.80828284,23.68415949,99.65871283,75.61296728,48.04988232,82.68298812
90.58063168,94.18655601,52.75121092,89.45438904,56.20317285,120.3081594
47.44514836,89.08411933,92.95861841,38.92241698,28.45791646,87.32469512
64.35666102,21.87117521,31.95707198,70.45690347,66.15616953,69.83666723
88.65913422,70.74477474,3.966335095,27.73986007,53.58474334,86.45056681
30.31282683,17.85615293,58.23807958,44.62797119,9.984181192,44.81351986
1.959061828,52.40058303,64.62267638,11.17531055,31.95715584,37.61276851
86.50372373,90.84289869,60.70221584,58.82694787,38.96574496,106.2180576
74.31383247,30.0551637,33.93205238,48.50128679,82.61690862,71.11941648
61.34933292,55.34951301,72.78451877,0.396419172,18.34258908,54.00803703
66.78470621,42.54668141,45.82448768,64.66745353,14.39058764,81.63442304
85.02473931,87.86246303,70.34094959,83.5093537,74.88409839,128.3259825
0.01755784,23.94791238,74.67124275,63.04027556,53.06854274,56.18863057
44.18889454,51.06375597,18.6391125,40.94686523,37.02658936,62.59364366
55.57889599,72.83038056,54.45706228,63.10844941,19.78478892,87.33135695
48.35732561,1.881522496,10.63473324,5.786446198,5.935993097,17.04136314
73.27810271,70.24193024,89.59151028,51.34563911,1.426861921,78.31917978
75.9078895,28.03809794,14.62184951,81.43221961,37.19717157,81.11061694
7.733420301,35.78131277,71.89459155,52.20376244,51.0299083,58.31728836
5.773489135,81.70744499,62.28272002,38.24680334,34.69896656,71.75179465
26.92143866,48.48094682,68.61461973,39.29680074,94.22988144,71.63625864
75.98523957,95.13190102,98.46224022,83.99208223,43.52577648,114.4575028
21.69812541,16.96428698,56.36137598,70.24234893,71.36196998,69.76643634
3.38112848,12.7100607,48.20274151,45.97831497,40.38895046,36.02407692
89.2727363,29.40750676,36.16358097,73.45990887,12.09908361,78.89653965
88.82784507,75.83182176,75.76779985,2.193491985,37.96218389,84.00777116
66.4133466,14.4519105,97.04030692,37.55884578,25.21355075,60.13703678
31.59401,50.09767072,55.11037233,67.27211403,95.51591695,91.14200743
66.16011253,30.00666113,39.27846817,27.17921487,21.4327251,56.13061467
72.02981308,79.28855738,51.00509256,4.059534242,17.09308567,66.68193326
2.192370074,76.55612066,69.30157331,42.59788765,72.59247109,82.19582543
27.6235507,27.13248598,82.82146118,52.27558552,72.62566691,69.56771303
71.32669314,61.2849617,31.9675696,30.85166328,21.42317131,66.95037359
84.8950532,56.36461422,95.47641277,47.61464662,50.72209176,95.70737146
54.25648039,13.60353874,82.06639167,18.69526022,5.961531733,36.93576999
91.13349801,28.09139105,29.7415706,11.6488677,42.90963782,57.7342298
43.19069763,0.098996816,57.73126327,6.852538042,97.30110598,41.34271413
49.85428118,73.80593145,12.96159449,93.56845193,24.32936012,96.13447488
89.70720594,66.238901,7.935517939,60.15167726,78.9686844,108.1290079
97.69967735,9.02751168,27.55597465,17.61656833,50.0395429,45.44270933
63.59362965,95.51185605,86.94914513,23.098983,35.47932396,93.80250376
0.479757143,5.069685914,69.41144847,5.579400358,47.46369321,31.64508858
45.96532693,48.08849528,5.182312736,36.74409014,15.50889417,58.68862311
29.41707103,68.0432623,19.57856254,6.256146314,41.82374796,48.2433388
88.91143677,73.238212,81.78895157,67.39466438,76.05322226,113.2477202
57.36772889,90.57287474,29.1332134,14.19914315,85.13995273,78.25757975
19.4777928,41.38203773,70.96577649,46.63862288,4.811729794,57.01944999
75.28765773,34.76511912,26.95058715,9.137214114,64.44598671,64.93974911
6.105892738,63.9126662,48.38847785,24.38648976,78.39884918,66.14534712
71.62377812,40.71665554,45.39103714,70.86193445,49.25356969,90.9710374
20.95469705,25.04758179,20.72055957,1.001306004,95.39003919,37.87938509
93.63916391,32.94723211,65.9413026,6.599621887,40.73074309,65.72304155
84.58840017,76.73223584,61.77368152,76.31618984,55.95444772,120.8428478
98.83408374,37.57379301,52.20867947,59.60062521,85.4110421,93.80332204
60.82003657,46.47536275,73.74156036,51.83131436,71.60988178,76.79540586
73.5057789,99.48365955,21.51126618,11.57124973,76.62405574,87.85983148
22.48669178,6.476682208,4.503360587,75.9691761,90.18957221,64.5520064
83.7435102,85.73526366,92.66546313,68.40582108,43.71665828,113.9914051
12.50165629,34.00660499,38.4883092,36.35455911,32.48680342,44.2388963
80.78400274,14.37656539,44.61497317,34.51800281,63.75071537,68.72614774
90.94780737,40.3265112,22.68451708,1.43902444,51.67197014,69.02272084
86.40152569,81.12875649,77.19051565,5.576446833,48.47724649,85.76268148
29.17903452,15.42600254,77.7013004,61.68496766,1.164210832,35.5988165
55.17361739,37.17542347,96.23601193,92.41190474,50.61086606,97.40991254
33.81993565,5.568595368,47.72609511,12.92852115,40.68573756,30.56854382
29.20054571,67.49257085,85.22734453,57.68163336,88.38127504,96.16505731
84.64460199,72.35458094,85.09776079,63.19759645,6.539487167,99.95352524
7.526840482,34.98433794,17.09090467,64.66449158,37.62561698,48.00986195
43.39519968,31.41064644,20.55291971,38.20483015,3.563842678,46.59164533
89.11633123,80.99314353,75.20668106,33.59782803,94.58182791,104.9877195
64.02182893,8.826619675,63.10170775,94.36159318,15.74516422,67.08854073
70.45479648,38.1362678,50.09879968,29.94606505,45.66044503,68.31797786
1.74129538,14.86322519,3.42113004,2.223808324,61.09087111,18.0243381
28.28742463,18.72953981,69.67421068,98.23352474,40.97135839,67.68986543
58.46419598,33.99865526,22.49548132,78.54117194,54.91817788,78.85958185
86.45536139,78.74354313,83.21274114,36.91500971,6.868566142,83.17670912
55.07876833,96.49142004,91.73037529,43.98209291,99.65580009,107.4414615
82.47835789,76.88029621,35.07053012,42.92632583,5.041799966,79.53192408
9.986723986,62.86116964,86.16604184,34.18898384,25.40570285,53.08283058
84.49556875,65.91807282,39.4608805,48.98770296,12.96032753,94.79470647
24.0299078,81.4552256,86.81734397,51.12117556,63.96771671,88.07055066
3.141044824,59.16637184,45.76132107,53.90268249,82.19374751,74.09893997
6.860366341,50.27576832,97.41988523,96.69120252,82.02074147,94.14677787
14.07616494,55.2144323,30.40944586,70.31852589,27.91253449,66.26805785
28.4330162,92.96341162,57.21113584,41.45989061,93.88227994,94.02559598
83.40869222,7.590795069,60.09324303,45.25251369,15.28349594,56.38397291
97.33996107,21.13464705,93.09187388,62.55144825,72.14230171,93.71332147
10.19427788,37.11710764,59.65804679,17.77896283,89.99783177,56.78419951
29.9204505,36.43528558,86.87555058,94.21089959,26.13950833,85.71183466
91.66427881,56.55389112,28.41143107,0.435611487,98.05430533,82.89528679
98.3748589,89.04503921,7.326584028,76.05300401,40.96374814,112.9306977
77.70729162,40.7843803,43.47877663,80.02107274,64.64731451,84.6658078
39.59583548,11.97351672,2.630637679,81.5749247,17.68710828,46.6785386
10.67706162,95.06382547,81.88685629,65.25075769,97.04437552,99.04767767
60.72645962,25.13091188,15.1331325,9.936302344,99.38863257,53.69092402
99.69343244,92.22655053,90.31254386,95.55257597,19.41573615,130.8745518
3.270962381,89.39979879,31.29610237,70.03397978,0.108331897,73.50775298
17.53156939,1.246916575,14.70845352,48.00321437,93.98708393,47.45994684
35.70157002,72.88766953,18.34462153,88.49232374,20.00709231,87.01878159
65.71001337,1.26332613,49.16222997,65.84332702,62.40228089,69.13369986
34.86681053,19.48645163,94.98916332,60.29332493,18.39657297,48.84342721
90.75948368,4.779162585,20.41403987,18.07215779,15.79391176,39.80461316
37.08064777,65.79896786,85.56709534,32.11462977,93.64165902,89.58382405
94.42874988,81.85838022,94.34317118,52.69862123,34.56954348,107.2820025
14.15913761,10.40997847,35.24724396,73.64485573,66.86115422,49.0898198
74.68449264,88.20623559,31.66490455,62.9334554,97.36743656,114.8548551
53.24910876,13.98025229,49.20350795,83.26991811,95.15053907,77.86766433
89.15408725,90.32693004,36.87465638,36.96469811,29.84938742,91.91219697
64.28549486,93.65055333,22.08784021,78.58509619,78.72922424,112.0179285
39.74041178,84.82314273,98.15413163,6.05169488,98.97833949,86.40453383
63.70142562,5.570610451,67.12012664,37.97690685,6.921452131,36.600366
48.61174959,25.94213267,37.31632946,98.55533541,92.97581971,92.98021896
17.38603541,9.736558872,29.79903581,36.88680006,46.4241448,30.29629678
72.93074131,58.82937431,78.73946269,38.01265597,11.22821368,80.32587886
38.3222285,11.0113952,31.62759888,16.04045259,6.748296632,30.73147387
51.22560373,45.47456181,72.09585921,42.17383206,52.52853158,69.35091036
55.40820694,22.38510306,70.12243926,30.27626322,35.55206091,57.80430577
44.52274987,61.52839064,68.37712228,89.17351519,38.75316275,93.87373248
47.40244834,71.75819201,1.9359131,25.43218835,66.48447564,70.94413635
24.83694665,89.31004621,47.20428003,13.07737113,24.70837945,61.39466154
73.73012209,21.01142711,62.3843752,89.73861903,18.84435436,80.17300544
35.81777923,37.38779083,15.03659673,80.59575279,45.39957299,74.54024591
33.21316357,60.6003812,12.20388858,57.86049516,13.51859694,69.67531373
9.167313832,63.62258256,95.74630324,47.09324906,4.645391861,59.70529514
91.33180062,1.03923369,88.87790989,41.08218374,7.093407826,50.76547943
25.87071983,22.84845575,47.85665518,70.57550422,79.37887849,74.60436944
13.26537026,22.67522902,91.34685092,8.930563535,43.4093373,41.49203968
22.95993691,86.29238549,85.00245105,21.07225586,3.312668881,60.17417283
13.40343566,17.30574797,22.32183677,28.84976556,21.50050869,29.39201474
28.48700182,20.22643769,87.79103992,36.23374196,3.384632468,38.97723243
13.71067185,59.12628143,51.12019416,12.14766581,28.77505098,53.40106791
1.6894377,7.118319798,64.12060605,89.37898425,62.22207503,63.38763072
36.81978967,61.25736528,60.86940162,71.64503419,85.72615771,81.3977675
49.19243205,45.79152628,71.22547705,14.63047206,21.80254943,50.90136075
93.96469657,80.44798806,63.06470449,54.1268908,27.60119181,105.6982414
75.98964033,30.85533639,97.82033172,59.51122933,77.76771685,83.15456688
60.79907734,24.7184927,14.63863224,12.79458519,61.57115919,51.0986057
58.87795733,78.66098979,25.99543225,75.90615529,58.23727151,98.91373024
65.0469042,38.20902081,26.56337925,67.07808175,76.0402936,83.59930394
23.81376405,20.92893335,58.56981612,61.98098456,44.45987054,62.4707148
57.56320825,34.7542248,57.00692153,81.12052623,96.98952235,96.93388712
92.26257755,34.60857692,41.4852947,23.64498643,51.0659453,62.47266633
72.18543465,31.81892253,53.41090613,42.06500552,50.7291096,71.61165867
66.06739057,26.11180417,74.44618822,15.71972047,14.38598163,47.09839429
56.16431108,73.05132344,88.6670412,80.43562215,93.81871751,114.8551597
47.79055766,53.19321975,25.59817711,19.97254657,58.34602096,60.26595463
12.91519605,3.88238492,63.59334822,77.02506904,68.94288963,63.45298892
59.08180641,70.14274279,52.94679137,11.66592002,57.12912124,75.01884325
4.195831973,44.73727913,29.51036729,96.69649704,82.03772133,88.09708972
21.15717426,74.05987957,57.61412645,84.80392834,65.08523803,94.48842091
19.9323,9.193152219,65.02254745,55.48176152,57.38153884,57.52200959
82.53825787,30.21893546,81.15895599,62.83828645,17.82462243,72.95699809
94.07273377,70.45900496,47.76552333,35.80515474,66.24035569,89.60494156
87.15396234,99.75028179,80.10092853,87.63014196,86.09136321,132.2812633
96.0862924,72.97033931,56.83249135,79.6200934,3.910454802,102.5663183
16.97421289,79.81767196,55.21257259,46.72514462,44.83245654,75.73458062
19.76002149,44.93407943,74.38652113,87.60945264,67.38214904,94.65895184
33.78834016,69.56808951,0.545329538,1.808799378,37.43589445,54.05648354
70.29737984,13.71880385,12.05767699,31.60383272,14.32092525,46.21830606
19.31349951,18.73596148,57.23944459,11.97898859,96.12250317,55.63103114
34.99375793,39.89453054,44.10184093,28.240127,48.11897334,56.71564785
87.34848247,86.71014309,49.61851168,19.98451728,61.82030914,94.70112412
79.3205857,26.91590929,12.2849093,30.6133324,6.565050161,47.77348782
92.70113103,18.07240003,73.78322493,65.01978188,67.8581774,82.29618623
32.47044257,8.156662845,58.61635336,27.58794387,20.49954784,27.11534916
73.56879007,61.89781045,59.55032907,91.84954325,30.20957147,104.3243522
19.75380371,38.66767971,99.89533395,88.31787999,58.22028662,78.77590307
33.17222493,6.323442861,99.39299752,40.22287442,18.22488748,38.58897286
73.72418486,32.58934005,67.04268978,49.2020972,27.66382364,80.79621569
33.54313003,3.550061997,79.12978993,28.59250934,94.58469136,48.66795705
20.64296796,10.74992259,98.61102463,35.94879529,23.02239656,35.03717605
34.59492846,84.75796475,84.47431661,8.957807335,31.17534246,72.7918876
4.395246213,38.30100851,3.590622124,75.67537035,24.0929272,60.91648642
77.92895011,27.90635592,75.18775033,59.44170155,67.75576404,81.10848192
50.8335815,54.5563512,93.25329296,68.45393014,80.7903103,93.33121759
58.21582695,61.01066013,0.602642355,26.26430382,19.81057627,67.95022672
35.68869515,46.15064626,26.40590047,76.14195435,34.14907454,80.30184227
45.99908156,80.02847465,47.72929481,20.77703546,10.76984007,64.92964228
78.11222378,89.87862798,20.21497472,31.8318805,67.05538983,96.03964404
63.07543697,97.28460343,17.7783386,68.30739614,80.3287101,118.5160438
78.81432835,70.52529899,62.13739974,19.3239219,44.89277637,81.74440091
32.97135818,91.48210088,48.54025811,42.21592229,76.02034089,103.3765693
0.967422459,99.246678,78.80233631,34.97633545,7.767787704,72.25833466
49.21912586,25.66407675,51.7150517,42.46920654,35.78108698,57.62585194
31.93290125,61.4238832,97.87672685,83.6816685,63.47552699,96.12988905
90.80684042,92.70628111,50.086366,20.13297048,80.50323678,99.19968556
36.70412962,78.46125701,89.67147928,65.0114441,32.04610612,94.19906129
94.23319221,21.86185487,74.1250887,15.62493564,71.6404868,68.18933699
52.76398201,96.2656905,52.39032675,80.15810511,41.06157533,111.1734555
91.22049579,5.904804876,36.77804021,17.20229659,37.03565812,54.55244274
97.46693733,2.106114292,10.43307624,35.92767573,63.84454023,66.3099073
82.99188325,31.0906044,21.53657071,7.373188763,47.08957841,51.4817329
18.85608884,40.10645651,24.58980994,34.87426792,85.40147853,70.94319036
15.10556824,90.04330412,27.8694379,70.16159977,14.32518932,84.45179089
95.91321829,48.03950276,20.46433559,85.01404148,67.23174911,105.1879571
74.41987304,39.81498882,74.76305892,41.27645774,89.22070054,84.46159588
50.56803561,52.05077778,58.44814953,36.24330026,75.6219033,79.02958461
49.13719452,83.0439711,13.2937724,59.67176667,8.636266815,80.48617116
67.92434663,51.37648645,29.65732809,94.56259132,3.860757517,89.33729099
82.48560837,98.16507334,65.25499772,45.01530403,42.29029464,104.5974949
96.22012729,98.23202237,42.11355488,58.45857496,8.207934437,106.3454345
89.52773893,82.91097251,84.78977755,46.70541806,23.80964721,99.68592287
88.70849573,16.34692645,27.9765709,17.99485977,24.72377633,52.39822922
27.44340043,78.88744126,61.81629925,92.00857916,96.06541718,107.4220713
71.13737684,14.86952573,23.85659835,60.17437643,65.24008156,68.58531495
66.6084322,54.36584307,26.58485129,4.157946034,36.55032168,58.2301638
77.81826281,19.81425491,46.59017344,47.80834796,10.14944969,60.74895965
94.53063901,56.81893738,44.38296242,40.54026746,52.59051889,99.18506003
43.94984197,52.76497852,38.28150637,3.053383962,19.28764006,49.22282058
18.49184109,52.19807366,86.95740966,24.88801663,26.12940438,54.80323883
26.27077054,20.47091633,83.50230328,88.55225033,62.17605495,76.26119279
35.27431975,95.44457278,79.74030413,67.25065207,90.03044764,104.7674363
29.63235655,49.43909858,90.37832492,78.4773741,49.90823755,87.84385292
73.40082976,27.86097225,64.21272849,74.77251744,40.74275055,83.39788537
61.08611408,63.81107639,42.28788671,16.03562432,91.08363179,85.20293037
3.44768215,42.20051742,70.39677296,1.736430397,40.64511475,38.43232828
23.43271172,94.70284145,34.91706244,43.97702044,94.64458622,81.59465073
60.67976653,47.16228322,59.80736086,89.97101954,71.51226378,97.91188156
76.06348012,56.6474933,41.05849828,92.60382364,37.09459757,99.72867372
45.16652174,70.59740819,88.43792013,75.5288729,23.98976753,84.81431095
63.81892197,4.410801623,87.33018451,23.00504243,31.05260145,54.73699455
60.56743755,89.53981358,0.431849755,39.33111243,16.53449572,82.80449222
4.871288687,83.44329758,43.11179034,13.46256616,4.644341678,57.23736775
79.34200833,62.02263633,83.09918624,89.58381997,88.03131408,118.546321
43.35823842,77.3372836,93.5019945,38.95178001,6.248489313,80.13798716
85.83811625,99.92875108,26.22069546,50.20922731,56.31284122,108.0854883
48.07935723,31.31898788,63.47584824,90.81447575,98.56250637,98.03731257
2.65254161,67.43889413,26.76782142,65.93443476,54.14371319,71.73900818
42.21990654,36.27035686,80.36417179,67.16041154,79.14361692,79.97317902
61.69799757,70.49382713,70.64493179,1.845310045,57.32638219,78.60682246
30.59077095,81.78683459,61.50997314,62.36090709,46.31794235,89.90906535
7.528812799,21.02568286,56.47961616,9.520349268,8.918528901,20.2200311
58.80369024,26.79228529,2.976263869,94.46161457,27.45505503,81.796126
80.60942978,95.72503,19.8748251,15.9533685,72.19536497,101.3230761
74.27730328,23.43759587,39.44165846,10.85502996,11.04598327,42.27541173
55.88448568,49.18648519,21.99802563,35.22548625,7.945042936,57.08782428
29.73778134,19.73014537,25.62457617,93.7603131,52.50638585,74.65666098
98.7008534,11.37927156,74.37770019,54.28478231,74.45807305,92.47094615
10.16648999,76.9127071,48.06806891,50.23088878,34.68788436,70.95157156
76.70479977,68.89419831,26.33497575,88.84039413,64.97027392,110.5842165
37.24375169,38.2015166,46.14779518,16.06870346,97.82525519,61.12084677
12.57193914,63.96867678,58.17711633,24.12723182,27.17597184,54.65594883
65.37455302,35.62569799,55.92878874,7.88345879,1.236324605,47.47817435
11.1005843,75.10142959,71.63970942,84.16955721,54.41333677,92.84312854
74.79181242,2.310820016,25.04262073,96.29167618,16.17067218,78.51105697
80.77529842,47.57812526,11.37774154,59.73442613,33.92157873,82.19260442
15.89497233,9.518266491,13.63171014,2.808565043,78.708126,24.45377965
20.07329257,27.14204105,62.51827351,98.28057512,38.29799026,69.950943
96.20452141,67.32967858,90.44325136,85.60277328,38.37834477,114.7563002
71.32809222,27.33762873,91.47055511,90.58121627,36.1576637,96.88946692
87.66920894,6.113978213,79.30099647,65.39890011,6.256041654,64.18836351
57.516623,44.25007676,23.38709494,41.30008431,79.01568926,73.28720359
19.63736626,71.91581995,89.45682276,35.39622549,61.36423889,75.27310446
27.09665565,57.30379487,3.332302449,55.72098916,87.30227716,76.22410722
3.020337787,66.86037809,69.41683607,50.39144617,47.28535884,79.81637078
86.00642449,29.86835722,75.14243118,29.00805457,82.80034865,80.40377841
99.19291703,62.46680139,35.24710882,44.19256191,42.67206621,75.93210679
84.53260438,45.34138778,36.22067195,67.82925934,71.01446097,97.55853466
95.51459517,7.52315759,59.44174448,44.1876703,73.13874352,71.90690365
61.66501018,9.360690015,20.52905347,33.70179101,21.95298271,45.27504126
21.8274356,59.64907857,49.13962671,81.44066457,79.54742839,91.8022133
78.35524461,35.05069131,41.35083877,43.39200158,60.94273984,70.38976131
99.10858315,48.76623906,37.17103807,94.60084922,85.80980831,109.524417
69.20043311,1.164303575,21.87982671,46.98113751,76.47771901,55.205858
95.07751706,87.8325353,67.67617703,58.56861597,51.47456098,110.3328483
91.79073191,95.37295233,39.79118958,65.99310523,75.02840785,126.8492875
54.78003434,73.62327029,54.32352375,55.32352132,83.13888092,102.5260499
34.78843972,19.57217654,8.03020632,66.01087415,83.26354065,69.23521518
49.34751802,4.660769034,39.07180125,44.71226657,19.35746172,51.12660617
95.38056284,21.46609664,67.79649911,34.12033092,21.321213,67.2690994
99.79957023,19.1025787,78.18058314,64.98039186,7.31011298,70.64874397
51.05031837,4.424563503,15.6235685,15.5832025,84.74177532,42.77392294
11.41550314,76.82411242,56.4874859,25.43292223,97.90608939,85.54600747
66.46612423,91.55352909,51.97170855,58.46371338,3.640627901,95.50883138
37.40484778,17.11271257,58.54092896,6.095909879,28.0356776,37.06702097
94.78754724,14.61259415,13.30488592,14.72160314,91.03234126,57.98729589
19.31648833,91.35891296,72.200414,71.1111903,31.09959619,96.88537321
15.17734315,40.97985187,44.71054045,68.37035653,74.99371638,65.40208923
99.00082208,10.27550973,82.85112158,68.53418959,59.59924862,84.65117764
48.39979244,23.07607944,44.1826354,57.63429768,33.3759652,56.0830001
17.82355924,48.39890033,35.17386679,18.9897172,36.49644646,39.75689196
18.01489416,52.03353442,83.66003261,27.30292188,7.612640777,49.18098996
10.10813677,52.87056202,43.44461709,51.67775529,53.57253678,69.38938668
20.73271712,81.58566994,42.39584806,96.77652633,9.040556166,96.76723392
57.63207597,79.1088191,30.8629573,32.77527246,59.50930835,85.4615156
20.23454957,99.17855891,48.12900878,20.75151561,88.14064014,83.5491503
31.41629599,10.2507859,88.43776028,87.23019712,90.93244053,74.03075791
33.28403938,92.71453869,23.16254591,72.45323885,98.71910676,107.9678669
85.11317078,17.86737334,1.448660949,72.25165658,46.51266263,80.03246819
17.52402458,90.85725981,94.39577089,46.24193729,57.15135152,90.91831274
74.99312641,14.95158886,12.27360289,90.89876386,7.874811615,66.71390692
92.20925561,42.12857554,69.02847882,77.64527575,88.39263869,101.0336588
86.5390977,81.8680159,0.598308621,43.46665722,13.12827192,88.06005519
78.1514699,47.93099182,25.80822998,98.48285166,31.63387234,94.5800592
38.3540164,14.46970623,62.34291975,70.59845271,6.41537447,55.21003717
19.97877662,98.83360382,90.35903014,65.18580465,7.383525219,93.75150148
32.11317698,24.02764359,14.32431623,91.0135995,42.31149768,78.41643356
99.92841602,65.24175924,15.12862622,89.13797889,49.17444577,117.6048411
88.55271295,2.522354957,83.75928922,3.50282329,67.64726177,56.40094208
10.09764034,68.54312648,55.40446579,20.21906422,76.85708477,70.44696816
33.62939379,41.84325411,62.46394355,80.90476101,43.22036055,71.67344719
95.30613693,21.80759382,52.98770859,8.666541846,40.75467278,54.83168612
64.05412232,64.38034149,88.0511426,46.95406038,22.86716928,84.6482182
16.24723022,46.79366818,45.67114582,46.55180781,75.40793618,63.53913765
86.51709139,90.39549768,37.04271334,82.71845606,2.3209971,108.4792237
26.75339927,4.078221612,58.26663247,66.49121131,1.911935923,43.17231353
5.185785208,53.52098594,81.25648182,86.18421982,67.77970747,87.67438255
58.35396115,81.6333976,11.47020697,49.58829251,65.93973552,90.21684601
27.53350133,27.53152277,96.39434335,78.74317023,85.43196714,77.99184721
76.62770615,6.861718802,12.07522184,53.45293685,30.90014463,56.58467332
23.60927502,67.69208726,62.794059,61.49279805,68.05720837,83.79773587
96.10652294,64.62133814,1.203091893,10.27539036,3.579690767,69.74528665
72.80616249,94.54283212,50.24062322,60.52380871,84.95323782,126.5199769
12.12274412,7.771242571,94.58379486,45.6762534,95.26484194,47.5372549
4.177159169,56.91368621,36.09046892,78.05146351,77.72359388,79.77699216
56.36036403,0.668623529,77.61822502,81.04056124,12.47395141,59.98271517
28.14471933,0.027779811,45.05576447,50.57024977,8.18383039,37.94505626
56.26422483,2.460011618,25.72620129,27.44375291,33.78067003,44.9071001
65.54245978,97.49509186,3.577818605,62.68896969,46.14374319,102.5191212
85.15285195,98.23039066,99.55036379,48.65744245,23.4612506,111.5536114
49.00675173,12.95204241,88.94123092,10.98131649,95.02683177,61.16476968
15.90363744,86.08844023,59.98216584,45.59361031,77.13353305,94.16518571
20.90956599,67.09121078,23.02597221,47.85920773,41.36917222,70.87303706
75.4490929,29.66276913,21.3519894,82.27991761,92.79099293,94.77643307
78.76714809,69.81352229,28.32706213,76.42273537,23.74029475,103.9808354
7.734769408,9.165569861,75.03945276,78.68191904,64.05372274,59.91583807
71.11973386,27.84938445,41.67928002,84.07235332,80.55440312,88.1526595
93.91080152,22.34610907,82.87648298,90.30192152,29.09446524,102.0586031
99.65298554,2.636181136,11.94188431,44.38839648,11.72275468,51.68636566
15.19938493,75.71090923,60.55396702,75.88089013,50.30042842,90.90001154
38.71464089,40.80154723,12.78237848,15.33544328,93.07325988,55.34047638
34.52130379,54.42815332,55.47602361,55.91989859,41.27814758,81.19047938
64.66163284,15.2591044,70.81604699,83.5251011,49.75887568,68.62449866
33.81852129,95.36989945,3.021536443,96.04112968,92.45695099,121.4453728
57.45451568,22.27396906,97.33573255,27.88663133,77.80371062,75.4476267
67.63913388,9.749295857,56.61931534,32.7418947,42.07117529,49.850932
29.93697048,20.71355765,92.0159962,98.96713481,56.52525236,77.34980902
47.74177446,72.31461233,60.39952871,95.50961089,18.25714916,106.8013571
16.38676175,77.73368707,38.22049622,72.55321954,35.81651308,86.71991358
4.719931126,19.44508981,61.379522,63.44252759,70.02779905,53.2467104
68.72995251,23.66148984,20.58691422,4.232791116,88.58515466,54.76259766
58.54250377,29.20553825,25.03518868,20.64111746,55.54524176,49.95061591
18.18614567,50.13943253,12.37709631,31.58274339,73.37865188,54.09916974
29.56890281,48.02437842,54.22606448,18.97207425,93.92457392,66.06911084
63.31853751,49.62264171,19.87693238,14.44072255,93.22226147,76.53987616
4.977395744,19.29929759,73.41753098,25.91226677,50.71487142,32.25308182
83.65495419,94.73713863,96.87795164,45.91939907,24.57994293,106.3516422
6.816938373,66.03680575,92.62577281,40.98861523,65.39112993,81.89569628
72.48424832,1.518818247,92.447002,13.74915965,87.4381163,43.71265952
2.672789939,54.38737527,39.97013839,81.10697116,40.17810431,68.51189264
67.77667644,13.67611465,44.36092394,10.09914581,54.35289232,45.409554
26.20026087,6.896848852,94.3985894,19.02938561,82.37147342,39.09429465
73.46930267,36.41056577,3.327046403,61.13453358,11.95130036,64.890957
52.11857118,86.09128185,70.93313383,2.882680591,79.84682832,84.03926204
68.99815842,89.54936098,85.39846459,5.356344649,1.266312602,85.97816315
78.49697128,96.31276709,65.66775563,89.81145811,56.69329418,137.7759379
73.00332087,66.30266745,89.63672683,15.06859804,24.89117488,74.22433008
51.4179571,70.89964125,63.07628547,41.00100494,35.62949818,75.59973556
67.44102279,48.64039744,39.4959497,46.4628128,65.34810189,80.92642518
69.74114623,30.53427529,89.41742884,33.56604548,62.10420128,68.0863212
13.64256301,43.43585713,30.98670033,1.559980451,9.689301614,40.99735887
92.61525008,73.80404055,77.34528086,37.36994383,16.53427388,97.86022791
27.85924783,3.335681552,68.47416802,38.01389871,57.9790648,40.32334536
74.10783803,90.85602089,81.3332104,98.15852958,61.86046033,130.0831937
70.79088512,78.44088476,89.8637335,30.89898196,79.2638697,93.61885197
23.32677472,34.81424793,53.31120357,54.86786294,37.73003658,50.88806991
13.59341597,86.14978984,0.75846472,41.593869,32.56367123,68.88045066
52.24482403,16.3818773,50.61469425,50.59843958,83.72835738,65.95936423
1.058832446,7.222406529,70.55638784,18.31200755,94.64564899,39.1642515
31.57822067,90.64137637,14.571642,9.419864419,59.37491449,67.07041543
78.25638635,83.16566137,81.57025103,59.6350399,4.614177827,102.6443268
4.488561787,29.89713362,45.14646354,61.29135706,54.93532609,63.15897263
44.72770223,25.08010292,43.42679437,56.17992888,32.69324818,63.9060265
56.0242894,95.19233061,61.55425328,7.9441043,15.0227114,73.3745467
84.23939053,92.16514362,85.11765395,33.86654842,25.75295027,101.6633069
62.60746185,4.938653992,98.0387264,62.36671505,68.02204811,63.71622232
65.74737907,51.04805922,99.93603302,38.39245835,26.48174161,72.31348675
52.58861961,65.51601077,37.79153638,51.39134622,15.7526385,72.77729122
25.77348615,76.30244138,86.35100476,1.033639207,95.28464085,75.82256971
57.76274384,91.18669895,64.16354442,31.68817098,24.13360676,88.60356683
88.39300534,25.22928653,65.05006418,69.73024738,84.80089005,95.09817655
9.776905802,95.66906591,81.70065422,0.927067046,39.36381351,71.91070936
60.11165125,70.81808547,6.75902124,75.39132551,38.31237019,92.69609598
26.68036774,30.85092554,23.82796233,79.81020748,74.00565442,72.48806713
57.64702642,34.68670577,75.12845184,46.01965184,43.17546528,58.91709332
83.55076162,61.11128202,30.02144426,51.93007836,39.75692369,90.81800564
16.80314186,88.0524785,50.43842665,87.96804814,10.92804608,99.28803954
28.44303541,65.76837628,51.49837243,71.75696485,96.92757226,94.80121196
69.51193605,15.52311386,22.62711464,51.68605198,86.84050059,68.23888293
39.67813002,62.91547163,87.82086991,88.39893447,6.296558448,86.83743879
82.04717444,23.35444915,75.37948579,57.79900048,95.23754132,89.92158022
48.33920302,0.735151766,80.56567162,32.44135228,61.23135598,52.72746801
87.61118704,9.2092281,34.34754118,2.893069104,67.35382641,40.69039521
52.06820807,35.59930661,63.82864425,15.20867535,19.66704426,49.23607147
9.154800279,34.58750122,3.610491414,61.10558265,43.60874801,57.90841529
96.91363829,4.547150218,62.43707926,37.42811083,74.63375909,69.85147661
61.29308642,60.84560276,70.72865935,26.99676805,54.81899972,80.56732678
44.44419457,49.52922938,18.42168143,64.84921466,15.32138979,66.2106746
78.03796731,29.74544635,5.158157674,81.98798025,67.64542669,79.87693521
12.719805,91.62316429,54.65074995,88.04804117,79.35410541,109.6238448
98.20907601,91.78561398,44.91751414,80.62913287,28.9239178,116.8054864
1.475026392,92.67393298,95.36989579,93.20413687,31.02063628,103.5143256
5.214576268,63.36329051,25.18063613,28.10316501,55.59322839,55.17351478
41.34375261,93.08645995,79.64885743,34.10247968,98.50931926,94.13787549
32.48031683,46.7556512,12.79806519,94.23315713,54.85269834,77.02270561
23.66019744,80.34720188,30.64614991,10.95516536,33.81409092,55.26230899
65.45359825,69.02037983,82.29070947,59.92724095,25.38238919,90.40156862
14.27744026,72.5294413,12.60079989,59.40870142,20.56286576,67.06010706
4.83632636,75.96110875,11.61072112,80.49364025,48.93579503,92.33671587
75.21055611,83.18815991,29.89504572,30.39862335,49.39775869,84.0229416
35.65576639,19.86983588,71.92033533,79.49117321,75.18785538,79.9229895
54.22948708,74.25750473,43.35787773,98.40085418,80.74772432,105.0364583
68.51754697,14.70869687,93.82142783,63.54555335,92.24661041,76.2635438
17.92263676,34.626,92.38141755,47.61628091,38.43997429,52.98157408
44.62465015,64.21773452,81.94857482,20.51988937,95.24584314,81.52057704
29.44405571,46.33229749,26.35229483,4.363231731,97.8515152,51.87121632
49.47919352,66.88534871,45.02191719,88.07193872,98.81780351,114.1336107
20.09872912,2.033283844,3.362182171,54.05232474,4.447191643,31.86211116
52.78529013,51.0524424,72.40701098,13.21412484,59.22171468,61.23974244
26.49142255,74.12006228,91.76358784,22.14410298,75.08268772,75.67072993
37.37207896,48.48029201,88.5184317,1.031996915,59.22166014,57.13688632
78.20325264,23.68713886,50.31323369,72.92071747,20.55471299,77.14782967
27.82916054,67.57502678,18.10073695,70.97800154,95.29230971,93.08216731
13.28206332,81.00353248,61.29061532,79.79159757,31.39253942,90.59271837
74.46051562,39.51945478,11.16241004,66.69821161,84.83146976,81.91568233
57.46428749,40.01356125,18.53885841,77.59733518,39.65528979,74.45221663
53.22156625,8.09094196,30.47379584,94.81290349,30.42142763,62.29271713
69.54105384,80.5713649,88.00229399,73.0528063,66.47414199,102.2528559
58.62466706,44.02450061,72.58486374,18.87287851,51.07246999,72.84900827
33.83035211,41.34930211,40.24226349,97.33782709,78.98787915,81.15537931
34.68505943,66.81047288,12.644531,99.17130114,39.73189368,90.02008633
67.69985388,48.3404212,80.50032898,44.15529608,65.45719504,82.06749519
59.96309393,73.2891273,30.36483888,98.31334914,27.53665964,107.4977085
74.04559665,59.7100164,31.06085725,79.45322904,39.03839908,97.84641275
90.02484219,73.64678611,74.25057409,60.73986687,53.03818995,103.2548484
9.400622757,39.67413571,72.58499114,99.33257824,25.69240353,77.19168314
56.23180023,64.75066698,63.96283545,36.09113756,63.28729433,84.41348325
30.69284616,65.74001581,45.4990753,80.60159061,96.32520157,102.8910366
67.92995406,23.46321232,79.24491579,5.661364617,95.23984221,57.52873226
63.21790128,99.99068161,11.42149143,46.96371787,38.72006309,87.38391428
7.578177344,29.0851586,61.21935894,87.25288653,71.7113632,72.98140793
14.17025983,48.13075361,77.27393567,74.28159116,36.092679,78.25570552
99.75354693,90.58230099,76.65219359,98.40374537,77.09656673,153.9650657
30.88736211,89.80131921,96.23421048,33.90398254,4.373367285,78.79854042
64.96360275,48.08347939,39.09709801,24.67337145,49.6126022,58.41762791
13.91222729,17.94063506,13.05804643,98.57526318,78.50701989,66.49304774
69.04747642,3.997395497,73.3678531,17.65591009,40.31912864,41.485199
48.0791874,61.88335406,52.66190584,65.86846832,67.9296996,89.89160516
3.385373159,19.95194069,64.58080239,62.9488039,53.52854058,49.62294586
19.15026206,12.00748316,76.71024903,88.47476149,87.29107496,82.29764955
55.27645665,77.17275181,65.39442734,49.40142717,87.39859493,89.95138739
52.22955879,8.315666835,3.099175771,46.86823646,92.62375648,53.78787768
22.28747895,83.55787775,9.475846483,71.5439266,3.057069587,77.86357461
74.73615093,52.16618016,61.90712207,32.32366029,0.548025157,65.82641494
47.68558796,1.835412265,63.17311944,96.41653767,38.1054823,71.13952504
57.58064978,54.98539609,68.68037947,79.54965525,58.24245127,90.18205629
35.65901716,62.70965666,44.72837518,22.07739328,11.73646635,54.30404241
80.53897716,49.07282941,11.94429303,21.46465542,32.32200183,67.19925639
13.53085986,8.147272363,64.91476406,99.43414869,53.56075983,59.85421822
21.12679252,51.61279859,55.12142898,97.03434687,60.26720718,89.33544709
33.32461,0.314845491,98.26754764,24.54701887,47.28606644,43.18786532
99.84434456,32.30688872,14.34511467,48.29076995,84.74717441,87.21154463
63.78731558,78.20344174,56.14921052,61.89580865,54.61180933,100.8056132
23.34097977,48.06218955,45.81190061,12.55496384,1.120198902,44.48153833
49.66362061,10.3207891,98.14660152,27.90708173,47.84092239,49.93002948
70.72234197,69.54328618,59.02668342,75.65371994,48.51877787,101.3329815
95.01607575,69.03710872,82.36440259,94.3927047,60.40247479,124.5224175
31.12970558,86.98851087,28.10621176,59.4165577,2.081448411,82.19815109
19.04564209,76.35095237,0.875466463,47.32142922,2.247167683,57.60620812
89.76850661,17.94361874,23.97429954,77.58818499,51.61922411,72.00108403
89.76082943,95.98319477,57.93430729,73.29774763,53.20036414,111.7637985
24.45832882,10.65281082,35.62856658,45.40423899,77.0744831,57.33131718
65.69928931,3.459499971,2.479743855,99.26830911,34.65265138,66.99583384
14.68703163,7.015714977,26.1742025,0.293811573,52.47053246,26.09951636
38.84300343,21.76644067,96.79789635,32.33203577,63.44753671,57.63165944
10.8748036,96.09311583,27.81498789,19.36578849,1.219340179,62.29415302
71.89740892,30.80710865,79.01226167,37.74900431,86.55870414,86.30949917
84.17981425,39.66277286,0.183797034,54.76379931,75.08427559,80.68684177
57.1691939,39.51909288,45.85995333,13.25552494,25.73618703,52.2668294
84.31802709,20.74756197,29.9072462,47.17130145,9.570997337,62.29433506
10.83609511,70.72438547,15.13608109,1.564587527,78.1418892,43.36199192
66.39446335,19.84309477,68.58087487,39.50778664,94.24929073,72.1732135
40.58122893,10.68400733,77.42712442,22.15469007,51.54234148,40.75671159
68.32820504,33.86362348,9.841030372,4.583184196,52.44119766,54.0261773
92.95233285,70.21857071,18.26247396,5.483756401,87.37780345,80.31709036
17.32478792,52.80171033,22.76915166,47.07604554,33.25280885,58.00210061
70.6127751,32.80374459,46.74668228,58.86286829,52.22832893,84.57288468
48.83340336,50.97019822,95.67525568,71.55113827,8.189425905,81.1143569
14.83351656,69.87333872,94.5618051,52.45704953,61.89568327,80.82599007
7.407486467,20.93693516,48.08756777,4.569690244,65.92314697,39.01049677
3.462633818,61.02007516,90.44336666,53.90206654,3.055493183,55.26464104
89.48660039,15.26286015,41.5369922,5.356886761,49.99170942,46.91461318
92.1977594,14.91077767,91.42547513,56.75035605,92.32864366,77.47017666
30.75494166,77.23228343,49.63609491,99.2886454,3.487705805,85.31583848
53.34616212,21.36693587,14.90593388,1.516724929,53.6316365,31.2039192
57.90020375,3.553693533,10.15453214,42.38624002,97.89650689,55.59849918
94.57017826,86.92943803,85.05994513,14.89065931,3.410443011,83.84534483
12.02449891,77.34004214,79.91060789,8.236925947,35.88113705,62.7419582
48.76792366,7.963468774,23.90042924,90.50701167,37.09084685,63.94058756
42.60780859,22.42359621,82.76128355,15.08972268,26.50633214,52.61659455
97.62502527,71.55857514,67.91321908,96.83105293,28.72066475,120.4187822
33.87366106,93.35575264,78.95164449,33.27782573,92.38965441,99.92775816
39.50090911,44.27601228,43.72544041,98.93174445,31.10433916,87.37561814
75.22060795,89.38348784,73.52975737,93.90288442,45.9813322,121.278252
73.98369268,39.12969208,46.89972175,14.83937706,65.03827561,56.72723869
15.84507826,3.673678835,9.894429913,41.33154979,91.55030253,50.29868125
61.92956972,13.54608121,71.65662938,96.38573381,31.41039463,77.24463714
72.55254091,99.91772152,26.80210353,90.4084934,46.39764107,118.4782788
92.18018676,40.9109278,95.18342201,92.58184746,48.35982493,105.9907714
55.62863095,66.67190004,1.167146734,97.99474992,32.8302546,101.4307481
32.5580632,40.07106435,38.0878314,6.530031871,8.41692943,26.34622278
57.54706623,87.55842358,63.2469853,27.69853766,61.81290829,93.07589168
29.63872595,19.97629228,41.38017516,39.85716788,0.5660139,39.66202568
94.53109728,93.23445354,77.07921427,13.28029904,57.29939989,102.9339674
25.45893825,31.86042544,23.29764675,95.17550488,52.35145021,84.15032938
5.021289167,32.39916737,28.9002863,87.25249382,36.84009963,65.57245141
10.14969519,32.45194884,30.98297997,14.72385744,71.18882578,42.32683267
59.88508995,29.31380005,25.51958029,4.783597026,40.91683066,47.99458916
39.91621731,69.98492629,38.04475402,0.520937445,26.62795465,51.89579587
18.84690931,87.49181568,32.79251783,3.925907737,25.60090109,55.18741269
97.10880254,4.08290171,58.93749027,96.06464781,4.313700614,73.65797523
74.7675205,94.02813801,50.75110367,56.73698125,84.01938597,118.8213316
86.70844796,58.97158204,42.28216532,28.54504432,17.15556691,74.97061051
72.40905869,18.81057559,34.25433924,80.57426436,57.30291724,87.32324183
25.6824454,86.93585081,68.97833935,26.28612463,90.62303431,83.16975458
36.31631504,53.68307176,88.25804638,3.263620913,2.333282798,40.18932792
75.09082446,57.66166409,68.19077803,23.17407562,39.82605975,83.90801334
35.98244069,84.35301873,58.77106131,40.71674845,10.0581631,81.47060567
67.26665689,22.15251074,7.287918114,10.1580456,44.9252165,47.03721026
88.7849904,95.91472087,82.10801077,7.771006662,97.97178303,95.95826433
70.99009074,20.62051038,78.47562831,33.92423969,6.636258711,68.83500925
28.89171723,89.59921454,6.192679784,5.942524929,69.67452759,61.91161758
97.65583763,51.51613412,23.45763736,96.83300767,95.83961548,114.3019601
75.84354366,12.66040455,79.62512038,62.45805191,62.70025394,75.66635171
43.49058233,53.23502451,88.1793917,93.56482825,40.34499551,97.57549665
97.76161599,56.62633903,17.41935059,52.86617375,5.53968639,76.43300056
99.69271965,82.81651061,53.75753393,30.65385359,4.397974153,81.66182279
23.98559376,32.90849906,32.97192883,74.03059802,66.96339729,69.02296903
95.31923138,48.54618865,67.01479949,78.42676681,47.8472007,99.86186414
68.79608616,20.22710556,26.03005841,90.04327413,5.920038925,68.46925538
53.86461791,82.72031654,75.76777336,25.54636282,38.69990807,81.86048036
21.69737237,91.95425388,6.015941448,59.67553472,72.7117553,88.27174792
35.72088447,87.21820016,8.026184797,54.38889229,80.1602212,86.10296912
0.343721126,32.30481249,49.66028753,69.77371937,87.97239399,72.93461898
30.16455683,11.060682,16.16844156,54.60995574,25.8532912,45.82164368
56.41900591,58.64769796,93.2262356,54.96474364,25.43737072,83.5991297
81.90634551,96.72966215,59.92011877,38.0232335,68.11166455,99.58624496
41.3086919,47.40535895,36.35378364,51.12860589,80.10412422,85.20129576
74.12468093,91.05737444,71.40839988,59.75494801,60.63721439,95.89052624
63.09141377,48.99474785,13.63092202,41.69882231,58.08121974,73.51438417
25.64924153,59.26485072,37.70702073,14.77351076,6.052006942,45.8006915
5.371127255,53.640645,88.95638339,57.772299,55.07961317,63.68839727
45.5481754,78.86337969,52.0658737,35.50081971,96.02193646,95.480541
72.62353038,65.4954238,27.5241129,84.08033481,47.81461191,104.2446235
33.72016951,60.73269902,67.98287411,83.27693003,78.26557061,99.96993263
62.49317508,16.28473973,28.80684243,59.59209642,40.03467794,60.58432873
0.270494397,28.93669303,90.68665196,56.93601206,67.78833995,56.84303798
27.14391823,81.56571184,31.00168009,37.74191262,76.20956399,91.10320062
32.7319672,31.2271254,60.61454163,36.60590635,8.132433811,39.44781642
39.22836991,33.99290882,75.56889387,82.18895748,91.48499969,90.24596136
54.9329373,94.03553808,85.00761747,5.058070907,17.87704165,78.10948857
2.421881195,91.77774772,26.19182267,38.4263434,9.560152004,66.74125527
94.35413492,9.510855622,91.76455263,16.06186514,15.00168917,51.94902473
64.17754347,50.69579281,27.63682242,57.94514675,70.5383978,80.56689687
61.47300949,82.85438265,46.36736724,97.91228812,1.051294475,104.9487368
22.2634319,30.90462541,2.924355925,68.01081043,24.1227819,56.79667464
99.0693096,55.5565488,66.67089578,43.20740811,34.34400169,86.57753668
69.3479504,36.6132497,50.21336091,77.83072178,54.90696852,85.92325489
27.25165355,99.31235546,6.687622958,79.59857309,90.41043796,106.2102953
61.76945368,73.38410315,5.892627682,27.84338984,2.56551915,63.35367426
48.05296127,68.31647548,49.91441206,72.49878748,81.61967276,94.33642375
92.61612,79.48749199,82.90956562,45.0439432,19.32552237,105.158746
49.06404414,6.059228302,97.16316697,57.09358423,85.60006319,64.36173589
87.15890086,72.82572405,72.30014775,89.57506604,77.49719449,126.3421694
50.23893738,90.60294172,7.623885049,0.925472981,76.0114047,76.65180451
35.76784556,11.14781648,53.2559292,29.19283416,88.69550892,52.3364468
21.58763107,37.00125566,59.70082525,11.82192779,70.77577928,58.80908027
54.84475266,38.1275023,48.87351009,82.9191073,10.39834097,76.95876826
17.87604504,63.77485329,71.4579263,54.0178169,58.73309507,88.78228188
61.19732652,17.97278576,20.57075181,42.32593324,95.03271866,61.23311264
46.72082664,78.0509135,22.45467814,28.66014572,51.12536061,85.76861223
42.28453118,71.99553394,27.47986867,9.890079076,68.97343071,73.04318304
19.47678371,74.00751691,57.58108722,73.48177,33.17306007,94.22063935
51.03989664,47.10652944,57.92325982,92.59389366,67.29874638,97.34489196
46.95652824,44.86563712,17.03606469,46.11817944,54.26755177,55.6868182
33.97278273,30.28697954,6.202949099,77.90905852,81.08251098,74.37980109
95.12366161,31.09915837,72.42935712,34.24527401,80.91862311,76.32770995
4.881316186,84.57400498,68.9412301,53.00020377,50.44253667,85.4089856
29.24953129,8.341281005,68.10415248,32.62732097,33.62470164,39.28017361
86.33648323,32.36347977,88.52287693,79.59361807,94.77639043,107.7043408
59.37432571,54.96996651,93.14060642,46.75094377,19.28565169,74.90847449
3.746048812,38.93292275,59.20996794,75.10899547,27.31670921,57.69772807
89.29246176,72.84372219,37.03644689,22.50958073,95.70989924,95.28203556
58.64817805,92.99318831,65.32680105,58.51364627,40.50347608,111.0228959
3.406339205,45.11278577,21.58356783,14.54274461,68.5933941,44.66559636
11.61604798,39.07005034,8.194404342,45.86204675,23.79641715,55.37931744
36.78780021,75.12491385,99.2304116,90.10309007,47.33678442,108.4618463
74.93910375,35.77827904,33.61906677,20.30656666,43.43543226,66.34521177
79.54538562,9.363077824,25.16408976,32.86728535,93.67810918,61.53404579
70.05419175,39.38485799,71.9299571,99.28535916,95.06685976,111.425442
5.865524119,97.36776546,27.00735298,12.80931802,7.253220437,61.6506511
24.31042798,49.34232943,34.95954202,67.59617581,97.18962863,86.55419313
66.10242754,4.37111935,85.59444084,60.41541122,92.35225342,66.05304895
34.4582513,1.941642769,31.26946065,97.75322221,49.83631519,78.13037063
81.86252508,47.4132774,62.4355058,19.9618872,16.45288439,66.35675317
49.32472686,52.10062158,96.17720574,71.45908408,94.89247628,102.7351994
88.94314559,74.63850325,12.54364208,0.039187693,95.78404813,83.1606092
84.20775989,76.40468302,56.12013025,44.62596765,76.9915981,95.761789
59.84208682,34.09556997,6.799918232,32.62558894,98.22930525,62.16965323
22.60268293,59.44066783,55.14866721,42.8991269,28.50937567,64.48301104
30.99788154,79.17039107,86.25912446,32.32242421,94.60578925,84.95570305
7.57409431,87.46553028,83.61982056,41.23412999,5.797006633,71.48914145
98.29249286,99.05279112,80.33477911,61.66824374,66.68734657,122.6622184
0.947447378,21.72012826,28.76665353,2.225084498,8.92930796,11.94474506
32.5193053,96.90421099,3.260081711,99.83185769,84.75089552,109.4750712
25.9345472,27.67754113,73.03004019,68.57863366,21.49585717,65.71313672
52.08587544,71.04816319,55.78387515,27.67914437,89.88321141,87.93843533
23.27858028,31.39779237,73.33967762,83.78970548,21.2805756,68.10808027
78.47502699,98.54656271,74.45037792,21.36831351,74.69226454,110.4682705
88.69125905,88.3748999,28.42365548,58.29674186,11.76940081,94.64966741
88.12200334,49.64279889,54.93886365,19.50170327,75.56273426,90.2755694
85.2659966,15.78468491,48.79630314,67.33141893,6.228292115,61.76634647
65.96316025,50.94720752,98.57189555,38.66603432,70.41924779,79.61369649
76.2242272,33.70830799,18.74940481,77.13025878,48.54949096,85.19895322
40.41870752,90.03998711,13.26147827,73.40036507,2.809541869,89.28023409
79.88326903,31.36959978,63.65021356,9.157628116,75.3304252,59.78184888
4.663765944,99.839002,19.42795017,33.58561037,61.74370409,87.7576257
63.14238306,7.798319355,44.03975319,8.736547144,28.77242823,25.2201185
74.0015291,5.818857129,95.21931997,71.48021583,22.9129056,68.5042234
57.09228345,21.22571546,95.52056577,33.22990632,80.41049895,68.24819623
84.30096827,35.52508427,14.48815163,7.787730447,58.41819791,62.5189664
21.98388909,99.13599753,85.62712741,21.77945638,89.63694458,93.03252355
10.7297123,15.90853324,75.07957048,53.76171197,67.46933419,48.06113423
37.63560615,45.60591361,95.20224742,16.87512103,26.77396686,53.06981508
57.29723677,2.553083796,62.21200549,36.21766974,61.63396644,48.53701429
14.58736194,92.22405601,1.457013291,62.57828999,98.29823824,95.71495787
57.94989735,88.94614301,54.7678091,98.7058544,56.558247,111.8011226
27.76994504,22.98380366,84.46934572,31.77660191,23.62243071,39.39580224
44.71892761,64.66125655,30.40199182,7.225872811,80.36168246,67.72056418
33.69634347,5.821317491,83.86902332,96.90179913,46.66340137,64.10090233
89.01004634,40.7325252,89.89218753,55.32789729,61.71770258,100.2113055
95.40454716,73.65998913,39.86817401,40.90599557,77.61489186,90.56122661
5.481515231,37.40765793,61.5901221,77.79208992,11.95269542,49.37531156
37.78259992,9.306472756,13.51787355,2.05994181,69.09095262,31.13892025
92.48524573,36.46641091,65.72837845,53.15014962,86.40885398,93.52246248
17.39105431,21.25118204,34.70304188,17.95062152,60.29541039,41.0690182
70.4349189,7.98427492,70.33109198,78.29127533,48.9056713,80.13066766
8.465296625,34.09637295,17.20979142,94.42601568,26.49902344,66.58011899
35.25807036,42.49884125,62.70984246,14.68289109,50.73993636,51.24033983
97.64224809,43.7879032,50.08363095,19.29878424,52.18614177,68.29100731
12.7460743,76.09129718,79.84617657,30.46426749,66.87015292,74.37275499
38.45401349,77.50293798,35.40439429,99.83687801,50.34359741,106.8131743
49.54977844,10.18939046,21.40706177,46.79574893,63.4216965,58.05145013
19.64615943,99.37153958,84.50920128,83.32518646,87.557338,107.5719423
37.00686903,45.0675705,0.017868374,69.95494329,27.35772071,66.86471663
8.557909395,82.89245584,8.644554234,68.46474045,10.42986106,74.33375111
12.32742261,29.61654185,90.3684441,66.43514104,39.03429929,58.59669864
82.12109257,39.22475794,47.08246561,56.93538483,57.25923018,92.13892104
28.0901292,45.93018436,44.40080986,87.00703928,64.42797324,88.60250229
1.562575231,20.56326456,35.43789636,16.82047406,80.1128862,41.4026397
85.58231569,29.64549208,52.15158152,9.149695909,34.23072356,56.57822462
92.52561003,69.30722994,34.55089602,44.30750516,50.04992264,89.78502051
92.04169879,33.23038258,44.39223671,27.31731057,92.26956698,74.89987327
81.77178657,65.9207996,94.99637094,77.00201992,76.57328752,119.5459003
20.6111917,22.71436266,76.22412421,7.529955336,94.84414117,46.61402066
26.95746912,37.26501749,41.06108201,63.5946781,82.78391992,74.15547742
37.6452557,56.01886025,72.52167648,19.55510604,91.94154626,74.80727172
74.18816837,29.88529859,6.349965991,47.95810693,67.84495963,71.56700244
72.89896799,36.24083027,99.047106,93.3354197,53.76246561,101.7898195
57.46277325,49.71459165,45.91545047,62.51140428,90.12470069,97.33615545
56.76243431,17.47240764,82.64160484,36.61925932,3.422155864,46.73550827
69.45412542,47.28244036,20.18069831,43.77405481,27.18288988,67.98838948
89.36567786,26.56560266,54.45485953,6.73125877,23.36101363,54.37444336
89.83619245,79.57808319,3.579287581,9.610301652,54.14904359,79.0923708
65.52201461,94.42640847,59.94074749,35.97713837,53.54672481,94.96526609
46.32548189,80.33756182,20.30752378,90.43236726,88.45502246,114.4923155
82.60705756,12.68753296,92.86470664,49.22680994,69.01816512,73.00672467
51.26950877,9.740923783,84.2650188,60.49359389,80.04386586,75.40186095
99.49352241,57.70269641,11.0442223,5.870825866,10.08338936,56.17750067
99.00680083,2.31727733,70.63176799,28.60015791,64.5553264,56.18393307
11.42000759,81.2293485,99.51925659,86.56693842,12.1234259,99.03816011
41.80371268,49.9610043,97.30076744,50.77445394,34.6624623,67.51140945
59.84748684,55.00649341,53.24004261,12.36717759,53.20880897,60.572375
7.869048412,50.61706116,61.09640662,37.73871594,69.66411206,67.69341616
88.56294562,72.52275313,37.94880158,65.37898932,12.25487423,93.58365312
77.35252753,27.88671555,61.11423087,85.74268754,83.11911932,97.93257621
87.2114767,1.821605823,0.670754437,71.54155531,46.80423722,66.74309529
96.6445798,11.69566703,97.22163245,90.1770505,7.529949172,85.98258789
85.69113579,86.89723226,4.906474753,34.79741694,73.14921959,97.41446951
30.89062495,72.9041644,13.4029233,51.65216891,29.56150566,78.46241342
18.22444548,35.61900749,34.83219619,21.28889776,48.32034641,37.23975966
51.85875776,24.51257748,39.96053221,12.86180851,82.09425252,56.52892687
4.8479673,58.40735818,2.587248524,98.81070839,83.14009712,94.84529945
63.79039731,74.68159676,3.368998238,4.10912093,53.19887728,67.42600992
21.48304687,98.45265591,97.51383132,43.49290096,35.82667968,86.99770119
38.82870661,30.10294204,63.75635338,43.32551709,24.79368099,63.55913775
49.50917587,14.7059943,93.71280485,80.17868407,97.61675298,82.86601088
12.75724238,39.73869401,28.1365378,64.67743135,61.7109529,62.57799752
10.29986137,51.79866903,82.82123769,33.76917131,40.81872581,67.20699045
23.66765821,74.38429546,2.298765723,52.54202065,44.17748811,80.36084261
26.34398304,64.44614115,7.867773011,46.43302352,4.403620837,65.34873582
27.68223831,21.15463545,98.0737541,30.12479304,50.31396241,63.50552512
12.99888802,95.0895068,87.9439455,30.51675418,98.2392124,92.19266905
93.75571315,60.44464751,3.718397991,77.73474243,20.34734583,84.09581598
52.85214031,80.07142073,79.23741098,29.68386018,98.45198563,99.30024831
98.11846419,76.53339094,44.08393457,84.92845107,63.64712407,115.0712107
71.58329524,10.50189646,20.47625785,9.509682347,45.89200742,45.10172936
32.76786074,66.76032127,83.6182911,22.12345595,84.95059787,69.36440188
92.91791453,47.20795854,28.56007573,52.41740701,66.86344872,95.2710541
42.55103634,9.11328003,9.288342571,0.817739779,72.74595358,37.33670936
32.20953367,96.7084991,24.06494992,96.89403782,84.13868793,113.7853915
62.09237149,58.50930437,42.15817321,46.29672773,30.099807,74.38221051
4.250916655,2.12110981,25.76006167,91.46787708,36.87547637,51.32471458
23.30826742,76.57018463,77.11599608,79.25462255,67.46223272,97.24594379
8.875647556,4.817089736,47.95881553,62.89120216,51.86985377,52.3226151
24.89533617,27.24634189,64.34222112,19.82809035,32.80875499,36.84464718
46.09151765,35.53231368,92.60788252,98.58417498,23.18471307,85.50261223
46.21035825,88.34870168,31.91520875,27.1118791,81.40276552,88.22634716
49.5930746,51.37131077,97.85936055,57.22516575,64.00410107,85.23828006
93.71302149,98.14888561,95.68490148,40.36987997,26.81223792,111.362039
21.97888032,53.77005465,86.67023035,2.649892692,9.420660065,40.7361231
11.21905244,16.8734882,15.46105635,2.861560789,18.44217471,17.78447125
39.61178428,62.89510719,76.78805609,39.96569276,94.94134524,84.21864562
57.61264196,64.47168576,48.75540961,11.58144212,18.82762014,62.53956932
22.166647,4.206002534,56.38086115,15.99593093,0.776950224,27.8890911
4.686891586,28.1196234,97.38709612,49.86297823,6.737446855,45.98508642
47.52849558,47.09118523,32.52056984,58.12094596,19.56279389,67.4084724
70.16767956,25.58454458,12.71371783,85.70674442,6.225705261,70.30555797
31.55323876,83.96461037,10.8340155,38.82245181,50.01381423,78.73268762
56.62981615,34.85668018,94.5900365,32.22343268,78.55426276,67.10842548
82.76978706,94.87723124,45.13899732,25.49571555,98.397696,101.3946098
57.09607165,77.81232928,94.42408031,17.68036913,66.57123008,88.91656117
22.96511229,21.32855623,58.52510744,85.41360874,31.83563071,74.70065317
1.96352076,56.32258228,7.276467484,47.92986219,55.59488499,59.20383692
74.19105222,53.78168302,12.32259575,65.58305758,37.78500917,76.35240774
59.3658061,22.97488808,16.53299594,71.02568326,72.9946258,66.34148148
90.86299556,81.01711227,31.06469444,4.151221932,52.39315559,82.03245213
97.98558773,19.23558,84.84768685,53.88591277,78.21783363,79.5528971
37.1635199,94.42447803,46.51880054,9.382804933,52.64727631,73.32549318
17.05331488,60.35998159,95.28286579,89.81109107,60.410407,94.40313241
16.92822252,62.03297114,95.03836417,52.30782875,84.82548953,84.25226431
68.46941978,85.18963252,72.81992413,58.01649918,53.11061265,104.0683784
19.71866857,36.99573298,78.10604638,20.39900288,44.48923863,57.02016217
36.30351798,25.20277694,42.76481278,84.39954962,40.75096945,78.94112957
86.88422792,30.32532919,48.1282494,58.41654561,1.262054217,73.80705661
65.69882429,43.67978992,75.21104193,69.82082571,23.54673688,79.06571954
30.0330381,54.45864859,64.84997253,10.69291578,63.83775759,64.13176127
67.01348621,41.24693187,38.23010311,79.9504142,21.47329006,84.34006389
53.02363989,60.47548071,84.53662572,66.64998417,0.963960166,89.42356982
26.17132837,21.00019477,4.98047327,25.98182598,73.51574826,46.87302986
39.04178953,11.46777154,24.52839257,85.92847896,71.71820849,73.54340167
49.54789482,49.99313245,15.39448472,58.30614828,81.44574964,78.25540904
91.73033734,20.7210038,63.09460575,72.59438618,26.44917495,79.7877372
7.775750082,71.46124073,9.245888165,14.0362186,9.977190575,36.20194516
20.33646045,12.41934494,97.1060776,57.34904295,15.28680828,47.26494013
44.55378786,37.24815713,69.2436972,39.95080375,46.00056842,59.9197527
80.32726786,89.59826109,80.41815743,38.56665321,44.88606141,96.59091636
67.37011838,74.30783718,46.15775088,93.4101923,87.6879519,113.073863
20.76201279,95.87846174,12.93115971,70.23249685,29.31240215,93.83350803
31.45755367,36.88600911,94.83816675,46.22702751,44.11856793,64.6072053
32.24545311,22.3884974,62.49123077,1.606784314,14.17810877,30.16054082
80.43723997,46.96125324,33.92829783,96.34928774,51.90842991,89.01983853
63.62938756,55.60510082,69.01173556,10.3659406,50.40061531,59.21884639
29.17873157,13.77667929,30.40084582,17.70102194,74.24959206,43.73559387
34.03953262,92.34027547,57.39886506,28.07836869,11.47480961,68.83623411
48.97930369,76.21077078,43.97196491,8.710260295,81.99110566,86.48594114
64.86605535,39.0346396,61.78313869,73.30103929,91.39141247,89.73749564
36.68313144,12.42180737,5.514106269,11.85569867,29.87222464,29.42256828
77.18716726,34.26993916,10.2661174,79.96668211,69.95710144,82.76043942
19.07928759,77.82287784,70.19427682,93.30182999,44.82103097,101.6513588
58.56636298,26.91064144,93.82389867,17.25892158,62.03274044,62.38755856
9.415840104,35.76490041,33.76582063,50.59459424,84.9060381,67.33905545
47.62515723,70.10364564,28.01502161,86.55116951,30.51411226,89.44855029
20.93760311,14.35749684,66.14936434,1.363914252,86.56434181,44.73823844
85.1710285,18.00745708,72.88690377,79.56218549,2.388925636,79.05978233
69.98398437,67.25520764,8.638631957,7.392833821,10.20901535,56.30460995
88.25511883,21.0615321,69.7428832,9.38070098,30.37887125,53.66321403
98.39936224,32.42995271,1.276886257,72.72223297,49.29406849,86.13416004
39.06451067,30.70495477,8.837545613,43.71625917,85.62544718,62.0957961
76.3273503,95.66852525,36.88452745,69.01645088,77.80115185,117.8814212
23.79168514,82.54436361,60.66517635,46.28796635,21.57703593,79.46620237
90.4391129,39.93232043,9.624706659,47.41450114,41.36869897,81.55504201
88.2679499,2.822028851,10.3963207,31.67344604,8.798655235,45.26923395
81.97984644,46.42095663,21.79486923,10.39035985,62.3968009,70.37692273
66.55788179,28.35365214,68.3167454,26.22459533,55.08813951,56.68622677
88.18471245,65.25092224,80.13954184,85.33222373,38.08428363,107.6784682
90.56687417,39.24581859,47.43820497,60.95060896,23.40026199,81.86841753
52.44056541,85.31345865,58.45791599,98.67932694,87.28621947,119.8339384
36.89108193,83.46277618,79.67606763,39.11953183,75.00032883,92.94076865
5.378644789,67.82415061,86.1789948,66.71138143,90.06340701,90.53986317
71.05609864,27.26332787,65.82983827,11.22412689,41.43230264,64.55079506
15.51036857,42.87331135,19.78507963,19.10583528,20.49562333,32.5906115
51.08535999,9.561541983,65.83818538,33.35745533,31.35688443,55.09816508
77.28456284,41.05447082,32.63124427,23.62768376,71.19087264,73.06572891
17.37088619,80.26440207,53.39552443,35.20988821,42.39446104,74.1679887
73.02287454,4.900479048,91.50421997,11.1070953,13.43765247,36.09931878
3.29466664,68.2052155,98.41912828,1.025888654,88.20335007,61.92377939
80.87703095,11.48432618,70.56087686,73.4061171,36.19770472,74.53079859
92.96857101,9.00212502,53.1192423,66.74003079,96.72968433,76.06545511
58.99287704,41.38890561,77.21377532,20.1231404,80.28825559,66.74663854
66.93311781,49.19088504,82.49924422,76.99653335,6.419235948,88.82612721
93.09074326,3.795309006,20.21325377,59.22302184,3.361794827,65.61679239
86.05293112,49.21732657,65.11808356,63.47404638,60.24354491,104.3682141
8.696802051,16.57703224,27.98031337,11.62080395,69.8562046,33.65704001
47.336866,13.64326982,97.52098398,69.81504959,65.72211213,70.79281003
71.88881187,74.87180596,0.945208151,90.40685497,26.69682237,100.1614596
8.210565415,93.79273713,24.65800552,92.72900748,25.05548055,92.34298046
22.46110288,24.54331826,27.24520084,94.63608061,57.70349797,71.44282456
75.73110411,9.855126485,96.36709668,43.3300703,5.482090726,51.35696344
40.11659954,61.17287003,34.32457777,69.09171148,90.57695589,92.99982429
44.70985691,64.19887133,75.85556661,23.61117798,85.1840642,81.35684529
33.81036568,99.9434467,60.34212532,30.23499503,13.49165284,85.9039648
0.118566618,1.553599062,37.07366005,57.43608459,34.25085957,35.06881819
25.0425682,90.34326955,40.60314232,76.57117483,37.04284546,94.0120201
69.15141004,16.27145594,44.8919431,8.110189502,74.77567631,55.7389865
20.09219632,92.57451168,89.6865056,27.3970044,52.17900246,76.15009076
54.14522175,91.67695262,42.58859811,34.132812,52.47985212,93.6852519
15.39042869,58.23835742,15.63360969,4.671140962,13.05600202,41.90946495
92.82353301,51.6547092,25.60429958,10.20566434,71.53058947,73.6500273
48.65359287,53.78722615,83.4029108,55.9865089,63.73226825,86.26681952
87.52947252,28.78463991,91.94044105,77.06808711,74.09058664,90.5908526
12.32232895,43.03292149,54.8660224,86.31590625,44.60057823,74.54201076
47.64945892,26.9865416,53.35887873,55.61606386,36.80564528,62.71428621
70.13333004,81.65565501,23.17108072,29.71268317,26.63596292,86.65547298
75.43662685,45.86117592,69.32957284,65.09073297,11.62367711,79.06400173
83.22326256,58.61097449,94.88423394,73.29872265,43.93978857,100.9583626
49.38475653,59.62564915,6.061686627,91.23688844,43.04232503,78.03714626
14.02004789,24.29845296,71.99673011,45.94972717,89.96464931,69.44043524
44.52051831,77.39297391,81.25116472,0.241214044,40.07565727,65.20426739
78.80329105,59.63871363,83.97734357,42.2844489,43.97580919,92.36198501
85.46223396,73.50714728,64.33984161,61.13550349,80.76010393,118.6609885
56.54680781,38.47516815,0.139421747,0.954661025,25.71572614,32.41623723
71.38965609,32.32708545,31.72776094,23.79072895,0.149941824,52.59931814
48.34227256,23.60700041,61.73696986,90.85297861,17.01026013,77.14570549
7.455091603,5.951465591,82.61495336,59.54876855,72.06137329,52.85697991
3.5023318,63.99343949,95.19059842,73.03139316,46.98505173,85.81858133
43.708838,98.39043889,25.83285613,16.96623511,43.47224756,92.91464438
52.11928902,86.76651929,6.374119013,67.56540089,25.00667502,92.80567273
0.003900644,26.24435204,89.6068879,66.61756347,50.97596156,62.97705699
24.26061655,61.39637895,47.8726782,85.75478227,35.66513728,84.71530132
42.22784134,98.42284857,57.06899783,19.28742054,83.88908608,95.56201008
80.23999244,58.88940813,97.380401,27.18018054,35.19462421,78.75778308
83.27759788,86.99926236,99.90668998,99.58190997,99.42398483,130.9174435
8.764316002,23.31894792,27.03859233,81.593074,33.6410895,59.42969372
79.76289064,21.67129007,97.3025595,82.01702837,50.60322257,87.34815315
21.97918659,44.18756772,26.50048495,66.7403495,78.61019761,74.33312745
16.53588481,38.47260898,53.87756138,4.575497677,57.96055998,50.3496895
40.71283297,62.49111602,1.17320648,45.01138018,78.77742465,80.73770153
63.66772883,42.16408567,98.06745936,70.50872451,87.74858348,98.57012273
37.73152274,82.62651519,61.08850626,49.26294285,90.68191892,94.79824094
20.55922328,35.32088863,72.87806752,44.45127435,96.13517276,70.32792932
27.5910228,85.88614882,59.44278943,33.45006786,38.45509317,85.74770323
39.08990496,45.78301486,51.53382052,57.07999674,73.50021209,75.20308082
73.26727178,32.66774939,11.62418567,81.96369445,57.79448532,77.14329027
20.46474942,6.040806288,29.89112072,73.64804374,96.38265362,62.76373879
85.28788233,55.7779664,53.88533699,24.49631748,34.32240497,73.64245748
67.9515704,56.34972138,96.77102768,93.54206156,3.584745052,92.77456894
73.69025654,75.08737788,17.71999156,21.40602552,94.09618466,94.18411329
41.36026618,16.35374024,33.57966838,66.53710093,60.81217229,66.02154945
55.98641339,28.13379961,63.50663488,27.02376275,83.46215206,68.42805772
60.42943885,25.25468466,9.453615266,66.97794774,82.37268597,79.15735774
93.60154858,24.98862367,12.20484668,98.95309425,13.81090911,76.98211573
83.77777248,60.76126666,2.142993259,6.408989126,47.9453946,66.71554733
36.1884755,35.82950327,23.84615795,69.84861568,64.72663588,74.92650479
74.29982025,88.36965185,24.59954035,81.41085916,52.1996885,113.8361408
87.19390611,46.49877684,54.32168313,64.4459617,5.416792454,77.566302
21.4951151,48.69392088,79.81199319,12.04062597,1.997865767,35.3625184
66.01209656,93.41674252,90.69024494,74.3508015,76.45299267,117.4890779
80.27479878,22.38018662,1.93402026,37.29378456,79.99931039,63.46301214
87.15220782,86.64082426,75.74361214,38.29622595,47.39471486,107.5611561
43.3856362,60.46805296,84.89694091,60.76501962,99.0705134,101.5942179
56.75858705,82.94960641,80.50404636,38.62493636,40.55853488,94.77898155
63.24042592,82.18722891,34.52981926,82.89206525,25.11423577,100.1267896
76.48549,85.60418004,8.106868661,46.5522528,30.70895779,92.97117174
48.42913533,64.77889802,83.41079837,98.61801104,71.60752032,110.8890469
3.641277321,4.248023236,69.7021665,52.91402589,69.68664225,51.73513195
40.7169001,7.843716214,48.19391699,53.16280624,89.97524994,60.8093883
27.99357844,8.576456399,60.6256511,24.45821176,9.020015208,23.74561269
13.86700878,91.24169717,38.85287872,47.69877903,59.33518131,76.25705275
68.71454145,88.59266117,65.45346279,8.681212745,67.70361935,85.39210588
81.0419178,5.358464523,27.45282613,24.47916772,40.51508902,46.24068537
49.95775789,44.96481168,56.59444092,92.17264298,81.77883529,101.0055124
81.45072213,92.21092202,67.63997389,1.838714106,22.04328135,82.95298933
84.81440502,36.17593397,98.02628541,62.85136533,20.96796323,85.77837616
30.76812475,30.84011904,6.366881203,92.53375877,41.60277275,67.10594272
39.35321378,31.3649999,18.68983024,32.80677462,77.8905784,50.00264344
53.2351611,38.10820054,30.02944117,23.42683132,46.26339843,55.77360753
11.68486367,65.33809988,78.77359681,85.20408937,84.96057889,99.59590913
73.20121629,17.25864545,36.68093381,52.71746731,84.4533822,81.51650301
23.89626733,37.76353195,71.06605554,23.422706,89.7551678,58.39191555
69.08242069,39.6633704,79.83852709,92.2061051,81.03898725,104.4126637
39.14385309,1.403868643,5.531449277,87.27320337,97.81123015,70.81192771
67.35393308,12.71799555,29.98864562,28.07774309,42.69632259,43.65263657
90.96636462,8.80927194,38.0659289,44.22380371,44.3593515,60.51486913
64.04566471,54.1198199,50.87240013,25.39399244,91.27739471,78.13441216
53.78928667,99.14352049,74.04402916,3.454013577,25.410627,70.43206075
39.66630648,73.32419628,77.69701616,64.12278909,52.28563992,97.25891935
79.72471171,41.81419501,52.58070064,57.72925167,88.55940274,95.8287203
98.48913647,85.98456063,1.29713976,88.5541391,9.891354524,104.6825081
81.71459398,67.39090701,5.556348759,90.5324825,88.55089886,116.599045
48.56240515,22.16883331,41.72384153,19.31870346,6.665606231,45.79717905
98.31548692,28.1795094,38.87657936,75.17953772,87.71565618,89.67287612
62.05328318,16.54316993,2.397321573,7.43327234,43.21610761,38.40619884
47.30072319,61.86086455,10.92993972,90.14496669,23.81762209,89.33278504
16.72402651,75.58261145,27.14204491,88.88144879,49.37763559,88.51800618
98.58297782,60.81127665,38.68572608,5.833743571,51.61692846,78.00608217
68.50712393,99.39065815,83.07355688,55.08128992,29.08435378,114.5935141
30.36615778,98.19266332,63.17852211,21.83432358,36.47991048,87.95957943
23.95417398,82.03880643,11.96748565,86.17172213,98.74032384,112.5343168
83.61068029,94.28739416,51.66976693,70.92782316,28.62641008,114.6485641
98.776095,60.49480709,36.21927263,43.76603582,61.36965907,87.86575588
29.45726598,40.38698101,66.00893311,97.44753947,6.027919805,79.69279671
9.814471455,84.81864746,19.22870506,42.1661188,76.32945732,82.67445728
12.65234443,16.03496452,56.1067379,90.61680677,65.68113295,70.03563918
25.19349208,79.07049036,62.28639646,89.53863042,88.30721805,107.6389774
63.38884941,87.34189977,52.34183517,87.64363767,88.92653964,124.4215664
57.18625324,97.92817799,78.69517264,20.60597403,13.17948699,82.19000099
5.844357237,91.54551786,82.02602467,68.24015404,13.83618947,93.70394607
29.69873977,54.0326691,47.97307516,3.012231053,20.47128985,47.25029992
30.14111303,66.17614902,28.9947185,96.60705303,26.71318365,90.89579532
86.77058666,30.07751898,2.048158795,29.03552686,72.61167742,68.82535145
77.35938212,36.2045904,66.67346971,15.25452391,57.86126017,62.8258292
77.98392739,55.71626903,90.97707367,72.44687032,42.57511701,88.9393222
80.80314117,47.87086871,14.63690576,97.37593228,70.94916896,102.0452291
77.07993362,17.031624,12.16411089,78.37133162,20.09656781,78.71490875
18.37876224,91.98511123,99.3749955,72.69515059,14.39895431,102.9653277
78.02710487,86.85734807,64.89255808,55.37136141,87.92047163,113.5154323
28.92904626,85.54548491,87.84422595,67.290074,90.93371149,107.0685821
43.52422512,34.93733263,55.0224053,36.58094812,4.627159707,50.21722885
32.00318593,68.72702725,10.82611919,25.24464531,71.46357994,64.81723565
1.427703696,74.5896843,0.429521999,46.52308709,24.60798037,66.25397624
7.089706728,64.28195214,17.43370231,84.0010649,84.77643614,86.21993677
21.72642931,7.867258736,72.56775148,27.82696281,50.11131458,31.48761541
40.55903101,75.34189518,84.86640943,93.72947253,15.25063454,97.07286947
50.48616611,16.67697666,92.4496096,87.41219233,79.29320784,87.02480303
59.17810161,83.83694359,71.09700319,52.91432246,22.12926237,97.98899806
70.35969775,65.78711606,37.72041075,68.68022565,77.73390489,95.24733348
18.07047997,92.0961341,16.54201908,45.69113818,60.30207207,82.71048115
21.24316886,15.00861441,91.5258296,0.933041967,73.50028901,36.42774188
9.174054735,81.50553749,90.58955196,30.71499414,76.10484298,81.36274762
54.80714711,24.44294402,24.68526751,77.96771197,92.51141884,87.95064538
55.61358207,38.01304185,95.19171604,43.27840779,0.131570886,75.50209546
63.08655386,81.05850745,0.160034052,43.98461429,56.55444445,84.14877312
27.68641808,59.0149793,0.620421613,54.93305242,99.6160049,81.46819623
28.06091699,37.86106227,18.87521368,47.72727794,94.00596709,66.51410435
14.93085337,77.71663542,57.23585896,90.48057579,52.00286317,89.54978924
19.07766978,14.09888461,23.23401693,23.59527015,49.8657906,36.24844969
21.99306902,49.59938914,49.67629963,35.19878841,5.19391729,51.46249262
74.84722394,47.11698441,18.77548018,56.95927783,76.60202093,86.83791647
38.71032404,55.49466089,47.50496508,61.57028084,60.48320187,84.21514237
73.62760712,95.97860024,62.44431769,22.20623911,56.17359166,103.6095992
75.63280799,29.71120195,37.208859,94.13565762,19.614436,83.51304582
89.18519962,91.96082459,38.22717701,59.53537748,60.80314557,112.3825821
2.496504983,24.80445454,27.9753108,40.74218969,77.02117336,36.70127268
98.71015159,94.87228213,7.81548349,44.41651934,59.72895346,108.5036787
81.52119069,59.18239647,62.35889279,54.62921878,64.48731894,97.78585966
68.66561591,13.06815364,74.493158,83.70926356,88.27501461,87.21090764
23.75589137,87.58529289,76.24970256,44.01205015,12.67792656,86.50919148
60.86211478,14.54148765,51.34742598,2.186514994,47.59986322,45.25171043
